Analysis,CatID,GroupCode,_Imputation_,SDF1_Observed,SDF1
Group-only PMM,18,D,1,686.49,686.49
Group-only PMM,4,C,1,1041.31,1041.31
Group-only PMM,19,D,1,1412.35,1412.35
Group-only PMM,26,D,1,1205.1,1205.1
Group-only PMM,17,C,1,253.24,253.24
Group-only PMM,22,C,1,400.74,400.74
Group-only PMM,5,C,1,708.48,708.48
Group-only PMM,14,C,1,1387.6,1387.6
Group-only PMM,28,C,1,356.3,356.3
Group-only PMM,12,C,1,762.73,762.73
Group-only PMM,15,C,1,1318.05,1318.05
Group-only PMM,29,C,1,518.66,518.66
Group-only PMM,27,D,1,,1412.35
Group-only PMM,21,D,1,942.41,942.41
Group-only PMM,25,C,1,1076.91,1076.91
Group-only PMM,13,C,1,693.81,693.81
Group-only PMM,9,C,1,730.21,730.21
Group-only PMM,3,D,1,410.73,410.73
Group-only PMM,24,D,1,1793.84,1793.84
Group-only PMM,8,C,1,,708.48
Group-only PMM,6,C,1,59.34,59.34
Group-only PMM,11,C,1,745.5,745.5
Group-only PMM,2,D,1,1794.45,1794.45
Group-only PMM,7,C,1,547.82,547.82
Group-only PMM,1,C,1,617.83,617.83
Group-only PMM,10,C,1,59.34,59.34
Group-only PMM,23,C,1,452.94,452.94
Group-only PMM,16,C,1,173.83,173.83
Group-only PMM,20,C,1,908.79,908.79
Group-only PMM,18,D,2,686.49,686.49
Group-only PMM,4,C,2,1041.31,1041.31
Group-only PMM,19,D,2,1412.35,1412.35
Group-only PMM,26,D,2,1205.1,1205.1
Group-only PMM,17,C,2,253.24,253.24
Group-only PMM,22,C,2,400.74,400.74
Group-only PMM,5,C,2,708.48,708.48
Group-only PMM,14,C,2,1387.6,1387.6
Group-only PMM,28,C,2,356.3,356.3
Group-only PMM,12,C,2,762.73,762.73
Group-only PMM,15,C,2,1318.05,1318.05
Group-only PMM,29,C,2,518.66,518.66
Group-only PMM,27,D,2,,1412.35
Group-only PMM,21,D,2,942.41,942.41
Group-only PMM,25,C,2,1076.91,1076.91
Group-only PMM,13,C,2,693.81,693.81
Group-only PMM,9,C,2,730.21,730.21
Group-only PMM,3,D,2,410.73,410.73
Group-only PMM,24,D,2,1793.84,1793.84
Group-only PMM,8,C,2,,1041.31
Group-only PMM,6,C,2,59.34,59.34
Group-only PMM,11,C,2,745.5,745.5
Group-only PMM,2,D,2,1794.45,1794.45
Group-only PMM,7,C,2,547.82,547.82
Group-only PMM,1,C,2,617.83,617.83
Group-only PMM,10,C,2,59.34,59.34
Group-only PMM,23,C,2,452.94,452.94
Group-only PMM,16,C,2,173.83,173.83
Group-only PMM,20,C,2,908.79,908.79
Group-only PMM,18,D,3,686.49,686.49
Group-only PMM,4,C,3,1041.31,1041.31
Group-only PMM,19,D,3,1412.35,1412.35
Group-only PMM,26,D,3,1205.1,1205.1
Group-only PMM,17,C,3,253.24,253.24
Group-only PMM,22,C,3,400.74,400.74
Group-only PMM,5,C,3,708.48,708.48
Group-only PMM,14,C,3,1387.6,1387.6
Group-only PMM,28,C,3,356.3,356.3
Group-only PMM,12,C,3,762.73,762.73
Group-only PMM,15,C,3,1318.05,1318.05
Group-only PMM,29,C,3,518.66,518.66
Group-only PMM,27,D,3,,942.41
Group-only PMM,21,D,3,942.41,942.41
Group-only PMM,25,C,3,1076.91,1076.91
Group-only PMM,13,C,3,693.81,693.81
Group-only PMM,9,C,3,730.21,730.21
Group-only PMM,3,D,3,410.73,410.73
Group-only PMM,24,D,3,1793.84,1793.84
Group-only PMM,8,C,3,,253.24
Group-only PMM,6,C,3,59.34,59.34
Group-only PMM,11,C,3,745.5,745.5
Group-only PMM,2,D,3,1794.45,1794.45
Group-only PMM,7,C,3,547.82,547.82
Group-only PMM,1,C,3,617.83,617.83
Group-only PMM,10,C,3,59.34,59.34
Group-only PMM,23,C,3,452.94,452.94
Group-only PMM,16,C,3,173.83,173.83
Group-only PMM,20,C,3,908.79,908.79
Group-only PMM,18,D,4,686.49,686.49
Group-only PMM,4,C,4,1041.31,1041.31
Group-only PMM,19,D,4,1412.35,1412.35
Group-only PMM,26,D,4,1205.1,1205.1
Group-only PMM,17,C,4,253.24,253.24
Group-only PMM,22,C,4,400.74,400.74
Group-only PMM,5,C,4,708.48,708.48
Group-only PMM,14,C,4,1387.6,1387.6
Group-only PMM,28,C,4,356.3,356.3
Group-only PMM,12,C,4,762.73,762.73
Group-only PMM,15,C,4,1318.05,1318.05
Group-only PMM,29,C,4,518.66,518.66
Group-only PMM,27,D,4,,686.49
Group-only PMM,21,D,4,942.41,942.41
Group-only PMM,25,C,4,1076.91,1076.91
Group-only PMM,13,C,4,693.81,693.81
Group-only PMM,9,C,4,730.21,730.21
Group-only PMM,3,D,4,410.73,410.73
Group-only PMM,24,D,4,1793.84,1793.84
Group-only PMM,8,C,4,,400.74
Group-only PMM,6,C,4,59.34,59.34
Group-only PMM,11,C,4,745.5,745.5
Group-only PMM,2,D,4,1794.45,1794.45
Group-only PMM,7,C,4,547.82,547.82
Group-only PMM,1,C,4,617.83,617.83
Group-only PMM,10,C,4,59.34,59.34
Group-only PMM,23,C,4,452.94,452.94
Group-only PMM,16,C,4,173.83,173.83
Group-only PMM,20,C,4,908.79,908.79
Group-only PMM,18,D,5,686.49,686.49
Group-only PMM,4,C,5,1041.31,1041.31
Group-only PMM,19,D,5,1412.35,1412.35
Group-only PMM,26,D,5,1205.1,1205.1
Group-only PMM,17,C,5,253.24,253.24
Group-only PMM,22,C,5,400.74,400.74
Group-only PMM,5,C,5,708.48,708.48
Group-only PMM,14,C,5,1387.6,1387.6
Group-only PMM,28,C,5,356.3,356.3
Group-only PMM,12,C,5,762.73,762.73
Group-only PMM,15,C,5,1318.05,1318.05
Group-only PMM,29,C,5,518.66,518.66
Group-only PMM,27,D,5,,410.73
Group-only PMM,21,D,5,942.41,942.41
Group-only PMM,25,C,5,1076.91,1076.91
Group-only PMM,13,C,5,693.81,693.81
Group-only PMM,9,C,5,730.21,730.21
Group-only PMM,3,D,5,410.73,410.73
Group-only PMM,24,D,5,1793.84,1793.84
Group-only PMM,8,C,5,,253.24
Group-only PMM,6,C,5,59.34,59.34
Group-only PMM,11,C,5,745.5,745.5
Group-only PMM,2,D,5,1794.45,1794.45
Group-only PMM,7,C,5,547.82,547.82
Group-only PMM,1,C,5,617.83,617.83
Group-only PMM,10,C,5,59.34,59.34
Group-only PMM,23,C,5,452.94,452.94
Group-only PMM,16,C,5,173.83,173.83
Group-only PMM,20,C,5,908.79,908.79
Group-only PMM,18,D,6,686.49,686.49
Group-only PMM,4,C,6,1041.31,1041.31
Group-only PMM,19,D,6,1412.35,1412.35
Group-only PMM,26,D,6,1205.1,1205.1
Group-only PMM,17,C,6,253.24,253.24
Group-only PMM,22,C,6,400.74,400.74
Group-only PMM,5,C,6,708.48,708.48
Group-only PMM,14,C,6,1387.6,1387.6
Group-only PMM,28,C,6,356.3,356.3
Group-only PMM,12,C,6,762.73,762.73
Group-only PMM,15,C,6,1318.05,1318.05
Group-only PMM,29,C,6,518.66,518.66
Group-only PMM,27,D,6,,1412.35
Group-only PMM,21,D,6,942.41,942.41
Group-only PMM,25,C,6,1076.91,1076.91
Group-only PMM,13,C,6,693.81,693.81
Group-only PMM,9,C,6,730.21,730.21
Group-only PMM,3,D,6,410.73,410.73
Group-only PMM,24,D,6,1793.84,1793.84
Group-only PMM,8,C,6,,253.24
Group-only PMM,6,C,6,59.34,59.34
Group-only PMM,11,C,6,745.5,745.5
Group-only PMM,2,D,6,1794.45,1794.45
Group-only PMM,7,C,6,547.82,547.82
Group-only PMM,1,C,6,617.83,617.83
Group-only PMM,10,C,6,59.34,59.34
Group-only PMM,23,C,6,452.94,452.94
Group-only PMM,16,C,6,173.83,173.83
Group-only PMM,20,C,6,908.79,908.79
Group-only PMM,18,D,7,686.49,686.49
Group-only PMM,4,C,7,1041.31,1041.31
Group-only PMM,19,D,7,1412.35,1412.35
Group-only PMM,26,D,7,1205.1,1205.1
Group-only PMM,17,C,7,253.24,253.24
Group-only PMM,22,C,7,400.74,400.74
Group-only PMM,5,C,7,708.48,708.48
Group-only PMM,14,C,7,1387.6,1387.6
Group-only PMM,28,C,7,356.3,356.3
Group-only PMM,12,C,7,762.73,762.73
Group-only PMM,15,C,7,1318.05,1318.05
Group-only PMM,29,C,7,518.66,518.66
Group-only PMM,27,D,7,,942.41
Group-only PMM,21,D,7,942.41,942.41
Group-only PMM,25,C,7,1076.91,1076.91
Group-only PMM,13,C,7,693.81,693.81
Group-only PMM,9,C,7,730.21,730.21
Group-only PMM,3,D,7,410.73,410.73
Group-only PMM,24,D,7,1793.84,1793.84
Group-only PMM,8,C,7,,708.48
Group-only PMM,6,C,7,59.34,59.34
Group-only PMM,11,C,7,745.5,745.5
Group-only PMM,2,D,7,1794.45,1794.45
Group-only PMM,7,C,7,547.82,547.82
Group-only PMM,1,C,7,617.83,617.83
Group-only PMM,10,C,7,59.34,59.34
Group-only PMM,23,C,7,452.94,452.94
Group-only PMM,16,C,7,173.83,173.83
Group-only PMM,20,C,7,908.79,908.79
Group-only PMM,18,D,8,686.49,686.49
Group-only PMM,4,C,8,1041.31,1041.31
Group-only PMM,19,D,8,1412.35,1412.35
Group-only PMM,26,D,8,1205.1,1205.1
Group-only PMM,17,C,8,253.24,253.24
Group-only PMM,22,C,8,400.74,400.74
Group-only PMM,5,C,8,708.48,708.48
Group-only PMM,14,C,8,1387.6,1387.6
Group-only PMM,28,C,8,356.3,356.3
Group-only PMM,12,C,8,762.73,762.73
Group-only PMM,15,C,8,1318.05,1318.05
Group-only PMM,29,C,8,518.66,518.66
Group-only PMM,27,D,8,,1412.35
Group-only PMM,21,D,8,942.41,942.41
Group-only PMM,25,C,8,1076.91,1076.91
Group-only PMM,13,C,8,693.81,693.81
Group-only PMM,9,C,8,730.21,730.21
Group-only PMM,3,D,8,410.73,410.73
Group-only PMM,24,D,8,1793.84,1793.84
Group-only PMM,8,C,8,,1387.6
Group-only PMM,6,C,8,59.34,59.34
Group-only PMM,11,C,8,745.5,745.5
Group-only PMM,2,D,8,1794.45,1794.45
Group-only PMM,7,C,8,547.82,547.82
Group-only PMM,1,C,8,617.83,617.83
Group-only PMM,10,C,8,59.34,59.34
Group-only PMM,23,C,8,452.94,452.94
Group-only PMM,16,C,8,173.83,173.83
Group-only PMM,20,C,8,908.79,908.79
Group-only PMM,18,D,9,686.49,686.49
Group-only PMM,4,C,9,1041.31,1041.31
Group-only PMM,19,D,9,1412.35,1412.35
Group-only PMM,26,D,9,1205.1,1205.1
Group-only PMM,17,C,9,253.24,253.24
Group-only PMM,22,C,9,400.74,400.74
Group-only PMM,5,C,9,708.48,708.48
Group-only PMM,14,C,9,1387.6,1387.6
Group-only PMM,28,C,9,356.3,356.3
Group-only PMM,12,C,9,762.73,762.73
Group-only PMM,15,C,9,1318.05,1318.05
Group-only PMM,29,C,9,518.66,518.66
Group-only PMM,27,D,9,,410.73
Group-only PMM,21,D,9,942.41,942.41
Group-only PMM,25,C,9,1076.91,1076.91
Group-only PMM,13,C,9,693.81,693.81
Group-only PMM,9,C,9,730.21,730.21
Group-only PMM,3,D,9,410.73,410.73
Group-only PMM,24,D,9,1793.84,1793.84
Group-only PMM,8,C,9,,253.24
Group-only PMM,6,C,9,59.34,59.34
Group-only PMM,11,C,9,745.5,745.5
Group-only PMM,2,D,9,1794.45,1794.45
Group-only PMM,7,C,9,547.82,547.82
Group-only PMM,1,C,9,617.83,617.83
Group-only PMM,10,C,9,59.34,59.34
Group-only PMM,23,C,9,452.94,452.94
Group-only PMM,16,C,9,173.83,173.83
Group-only PMM,20,C,9,908.79,908.79
Group-only PMM,18,D,10,686.49,686.49
Group-only PMM,4,C,10,1041.31,1041.31
Group-only PMM,19,D,10,1412.35,1412.35
Group-only PMM,26,D,10,1205.1,1205.1
Group-only PMM,17,C,10,253.24,253.24
Group-only PMM,22,C,10,400.74,400.74
Group-only PMM,5,C,10,708.48,708.48
Group-only PMM,14,C,10,1387.6,1387.6
Group-only PMM,28,C,10,356.3,356.3
Group-only PMM,12,C,10,762.73,762.73
Group-only PMM,15,C,10,1318.05,1318.05
Group-only PMM,29,C,10,518.66,518.66
Group-only PMM,27,D,10,,686.49
Group-only PMM,21,D,10,942.41,942.41
Group-only PMM,25,C,10,1076.91,1076.91
Group-only PMM,13,C,10,693.81,693.81
Group-only PMM,9,C,10,730.21,730.21
Group-only PMM,3,D,10,410.73,410.73
Group-only PMM,24,D,10,1793.84,1793.84
Group-only PMM,8,C,10,,708.48
Group-only PMM,6,C,10,59.34,59.34
Group-only PMM,11,C,10,745.5,745.5
Group-only PMM,2,D,10,1794.45,1794.45
Group-only PMM,7,C,10,547.82,547.82
Group-only PMM,1,C,10,617.83,617.83
Group-only PMM,10,C,10,59.34,59.34
Group-only PMM,23,C,10,452.94,452.94
Group-only PMM,16,C,10,173.83,173.83
Group-only PMM,20,C,10,908.79,908.79
Group-only PMM,18,D,11,686.49,686.49
Group-only PMM,4,C,11,1041.31,1041.31
Group-only PMM,19,D,11,1412.35,1412.35
Group-only PMM,26,D,11,1205.1,1205.1
Group-only PMM,17,C,11,253.24,253.24
Group-only PMM,22,C,11,400.74,400.74
Group-only PMM,5,C,11,708.48,708.48
Group-only PMM,14,C,11,1387.6,1387.6
Group-only PMM,28,C,11,356.3,356.3
Group-only PMM,12,C,11,762.73,762.73
Group-only PMM,15,C,11,1318.05,1318.05
Group-only PMM,29,C,11,518.66,518.66
Group-only PMM,27,D,11,,410.73
Group-only PMM,21,D,11,942.41,942.41
Group-only PMM,25,C,11,1076.91,1076.91
Group-only PMM,13,C,11,693.81,693.81
Group-only PMM,9,C,11,730.21,730.21
Group-only PMM,3,D,11,410.73,410.73
Group-only PMM,24,D,11,1793.84,1793.84
Group-only PMM,8,C,11,,1387.6
Group-only PMM,6,C,11,59.34,59.34
Group-only PMM,11,C,11,745.5,745.5
Group-only PMM,2,D,11,1794.45,1794.45
Group-only PMM,7,C,11,547.82,547.82
Group-only PMM,1,C,11,617.83,617.83
Group-only PMM,10,C,11,59.34,59.34
Group-only PMM,23,C,11,452.94,452.94
Group-only PMM,16,C,11,173.83,173.83
Group-only PMM,20,C,11,908.79,908.79
Group-only PMM,18,D,12,686.49,686.49
Group-only PMM,4,C,12,1041.31,1041.31
Group-only PMM,19,D,12,1412.35,1412.35
Group-only PMM,26,D,12,1205.1,1205.1
Group-only PMM,17,C,12,253.24,253.24
Group-only PMM,22,C,12,400.74,400.74
Group-only PMM,5,C,12,708.48,708.48
Group-only PMM,14,C,12,1387.6,1387.6
Group-only PMM,28,C,12,356.3,356.3
Group-only PMM,12,C,12,762.73,762.73
Group-only PMM,15,C,12,1318.05,1318.05
Group-only PMM,29,C,12,518.66,518.66
Group-only PMM,27,D,12,,942.41
Group-only PMM,21,D,12,942.41,942.41
Group-only PMM,25,C,12,1076.91,1076.91
Group-only PMM,13,C,12,693.81,693.81
Group-only PMM,9,C,12,730.21,730.21
Group-only PMM,3,D,12,410.73,410.73
Group-only PMM,24,D,12,1793.84,1793.84
Group-only PMM,8,C,12,,708.48
Group-only PMM,6,C,12,59.34,59.34
Group-only PMM,11,C,12,745.5,745.5
Group-only PMM,2,D,12,1794.45,1794.45
Group-only PMM,7,C,12,547.82,547.82
Group-only PMM,1,C,12,617.83,617.83
Group-only PMM,10,C,12,59.34,59.34
Group-only PMM,23,C,12,452.94,452.94
Group-only PMM,16,C,12,173.83,173.83
Group-only PMM,20,C,12,908.79,908.79
Group-only PMM,18,D,13,686.49,686.49
Group-only PMM,4,C,13,1041.31,1041.31
Group-only PMM,19,D,13,1412.35,1412.35
Group-only PMM,26,D,13,1205.1,1205.1
Group-only PMM,17,C,13,253.24,253.24
Group-only PMM,22,C,13,400.74,400.74
Group-only PMM,5,C,13,708.48,708.48
Group-only PMM,14,C,13,1387.6,1387.6
Group-only PMM,28,C,13,356.3,356.3
Group-only PMM,12,C,13,762.73,762.73
Group-only PMM,15,C,13,1318.05,1318.05
Group-only PMM,29,C,13,518.66,518.66
Group-only PMM,27,D,13,,686.49
Group-only PMM,21,D,13,942.41,942.41
Group-only PMM,25,C,13,1076.91,1076.91
Group-only PMM,13,C,13,693.81,693.81
Group-only PMM,9,C,13,730.21,730.21
Group-only PMM,3,D,13,410.73,410.73
Group-only PMM,24,D,13,1793.84,1793.84
Group-only PMM,8,C,13,,708.48
Group-only PMM,6,C,13,59.34,59.34
Group-only PMM,11,C,13,745.5,745.5
Group-only PMM,2,D,13,1794.45,1794.45
Group-only PMM,7,C,13,547.82,547.82
Group-only PMM,1,C,13,617.83,617.83
Group-only PMM,10,C,13,59.34,59.34
Group-only PMM,23,C,13,452.94,452.94
Group-only PMM,16,C,13,173.83,173.83
Group-only PMM,20,C,13,908.79,908.79
Group-only PMM,18,D,14,686.49,686.49
Group-only PMM,4,C,14,1041.31,1041.31
Group-only PMM,19,D,14,1412.35,1412.35
Group-only PMM,26,D,14,1205.1,1205.1
Group-only PMM,17,C,14,253.24,253.24
Group-only PMM,22,C,14,400.74,400.74
Group-only PMM,5,C,14,708.48,708.48
Group-only PMM,14,C,14,1387.6,1387.6
Group-only PMM,28,C,14,356.3,356.3
Group-only PMM,12,C,14,762.73,762.73
Group-only PMM,15,C,14,1318.05,1318.05
Group-only PMM,29,C,14,518.66,518.66
Group-only PMM,27,D,14,,1412.35
Group-only PMM,21,D,14,942.41,942.41
Group-only PMM,25,C,14,1076.91,1076.91
Group-only PMM,13,C,14,693.81,693.81
Group-only PMM,9,C,14,730.21,730.21
Group-only PMM,3,D,14,410.73,410.73
Group-only PMM,24,D,14,1793.84,1793.84
Group-only PMM,8,C,14,,1387.6
Group-only PMM,6,C,14,59.34,59.34
Group-only PMM,11,C,14,745.5,745.5
Group-only PMM,2,D,14,1794.45,1794.45
Group-only PMM,7,C,14,547.82,547.82
Group-only PMM,1,C,14,617.83,617.83
Group-only PMM,10,C,14,59.34,59.34
Group-only PMM,23,C,14,452.94,452.94
Group-only PMM,16,C,14,173.83,173.83
Group-only PMM,20,C,14,908.79,908.79
Group-only PMM,18,D,15,686.49,686.49
Group-only PMM,4,C,15,1041.31,1041.31
Group-only PMM,19,D,15,1412.35,1412.35
Group-only PMM,26,D,15,1205.1,1205.1
Group-only PMM,17,C,15,253.24,253.24
Group-only PMM,22,C,15,400.74,400.74
Group-only PMM,5,C,15,708.48,708.48
Group-only PMM,14,C,15,1387.6,1387.6
Group-only PMM,28,C,15,356.3,356.3
Group-only PMM,12,C,15,762.73,762.73
Group-only PMM,15,C,15,1318.05,1318.05
Group-only PMM,29,C,15,518.66,518.66
Group-only PMM,27,D,15,,686.49
Group-only PMM,21,D,15,942.41,942.41
Group-only PMM,25,C,15,1076.91,1076.91
Group-only PMM,13,C,15,693.81,693.81
Group-only PMM,9,C,15,730.21,730.21
Group-only PMM,3,D,15,410.73,410.73
Group-only PMM,24,D,15,1793.84,1793.84
Group-only PMM,8,C,15,,1387.6
Group-only PMM,6,C,15,59.34,59.34
Group-only PMM,11,C,15,745.5,745.5
Group-only PMM,2,D,15,1794.45,1794.45
Group-only PMM,7,C,15,547.82,547.82
Group-only PMM,1,C,15,617.83,617.83
Group-only PMM,10,C,15,59.34,59.34
Group-only PMM,23,C,15,452.94,452.94
Group-only PMM,16,C,15,173.83,173.83
Group-only PMM,20,C,15,908.79,908.79
Group-only PMM,18,D,16,686.49,686.49
Group-only PMM,4,C,16,1041.31,1041.31
Group-only PMM,19,D,16,1412.35,1412.35
Group-only PMM,26,D,16,1205.1,1205.1
Group-only PMM,17,C,16,253.24,253.24
Group-only PMM,22,C,16,400.74,400.74
Group-only PMM,5,C,16,708.48,708.48
Group-only PMM,14,C,16,1387.6,1387.6
Group-only PMM,28,C,16,356.3,356.3
Group-only PMM,12,C,16,762.73,762.73
Group-only PMM,15,C,16,1318.05,1318.05
Group-only PMM,29,C,16,518.66,518.66
Group-only PMM,27,D,16,,1412.35
Group-only PMM,21,D,16,942.41,942.41
Group-only PMM,25,C,16,1076.91,1076.91
Group-only PMM,13,C,16,693.81,693.81
Group-only PMM,9,C,16,730.21,730.21
Group-only PMM,3,D,16,410.73,410.73
Group-only PMM,24,D,16,1793.84,1793.84
Group-only PMM,8,C,16,,708.48
Group-only PMM,6,C,16,59.34,59.34
Group-only PMM,11,C,16,745.5,745.5
Group-only PMM,2,D,16,1794.45,1794.45
Group-only PMM,7,C,16,547.82,547.82
Group-only PMM,1,C,16,617.83,617.83
Group-only PMM,10,C,16,59.34,59.34
Group-only PMM,23,C,16,452.94,452.94
Group-only PMM,16,C,16,173.83,173.83
Group-only PMM,20,C,16,908.79,908.79
Group-only PMM,18,D,17,686.49,686.49
Group-only PMM,4,C,17,1041.31,1041.31
Group-only PMM,19,D,17,1412.35,1412.35
Group-only PMM,26,D,17,1205.1,1205.1
Group-only PMM,17,C,17,253.24,253.24
Group-only PMM,22,C,17,400.74,400.74
Group-only PMM,5,C,17,708.48,708.48
Group-only PMM,14,C,17,1387.6,1387.6
Group-only PMM,28,C,17,356.3,356.3
Group-only PMM,12,C,17,762.73,762.73
Group-only PMM,15,C,17,1318.05,1318.05
Group-only PMM,29,C,17,518.66,518.66
Group-only PMM,27,D,17,,410.73
Group-only PMM,21,D,17,942.41,942.41
Group-only PMM,25,C,17,1076.91,1076.91
Group-only PMM,13,C,17,693.81,693.81
Group-only PMM,9,C,17,730.21,730.21
Group-only PMM,3,D,17,410.73,410.73
Group-only PMM,24,D,17,1793.84,1793.84
Group-only PMM,8,C,17,,1041.31
Group-only PMM,6,C,17,59.34,59.34
Group-only PMM,11,C,17,745.5,745.5
Group-only PMM,2,D,17,1794.45,1794.45
Group-only PMM,7,C,17,547.82,547.82
Group-only PMM,1,C,17,617.83,617.83
Group-only PMM,10,C,17,59.34,59.34
Group-only PMM,23,C,17,452.94,452.94
Group-only PMM,16,C,17,173.83,173.83
Group-only PMM,20,C,17,908.79,908.79
Group-only PMM,18,D,18,686.49,686.49
Group-only PMM,4,C,18,1041.31,1041.31
Group-only PMM,19,D,18,1412.35,1412.35
Group-only PMM,26,D,18,1205.1,1205.1
Group-only PMM,17,C,18,253.24,253.24
Group-only PMM,22,C,18,400.74,400.74
Group-only PMM,5,C,18,708.48,708.48
Group-only PMM,14,C,18,1387.6,1387.6
Group-only PMM,28,C,18,356.3,356.3
Group-only PMM,12,C,18,762.73,762.73
Group-only PMM,15,C,18,1318.05,1318.05
Group-only PMM,29,C,18,518.66,518.66
Group-only PMM,27,D,18,,1412.35
Group-only PMM,21,D,18,942.41,942.41
Group-only PMM,25,C,18,1076.91,1076.91
Group-only PMM,13,C,18,693.81,693.81
Group-only PMM,9,C,18,730.21,730.21
Group-only PMM,3,D,18,410.73,410.73
Group-only PMM,24,D,18,1793.84,1793.84
Group-only PMM,8,C,18,,400.74
Group-only PMM,6,C,18,59.34,59.34
Group-only PMM,11,C,18,745.5,745.5
Group-only PMM,2,D,18,1794.45,1794.45
Group-only PMM,7,C,18,547.82,547.82
Group-only PMM,1,C,18,617.83,617.83
Group-only PMM,10,C,18,59.34,59.34
Group-only PMM,23,C,18,452.94,452.94
Group-only PMM,16,C,18,173.83,173.83
Group-only PMM,20,C,18,908.79,908.79
Group-only PMM,18,D,19,686.49,686.49
Group-only PMM,4,C,19,1041.31,1041.31
Group-only PMM,19,D,19,1412.35,1412.35
Group-only PMM,26,D,19,1205.1,1205.1
Group-only PMM,17,C,19,253.24,253.24
Group-only PMM,22,C,19,400.74,400.74
Group-only PMM,5,C,19,708.48,708.48
Group-only PMM,14,C,19,1387.6,1387.6
Group-only PMM,28,C,19,356.3,356.3
Group-only PMM,12,C,19,762.73,762.73
Group-only PMM,15,C,19,1318.05,1318.05
Group-only PMM,29,C,19,518.66,518.66
Group-only PMM,27,D,19,,942.41
Group-only PMM,21,D,19,942.41,942.41
Group-only PMM,25,C,19,1076.91,1076.91
Group-only PMM,13,C,19,693.81,693.81
Group-only PMM,9,C,19,730.21,730.21
Group-only PMM,3,D,19,410.73,410.73
Group-only PMM,24,D,19,1793.84,1793.84
Group-only PMM,8,C,19,,1387.6
Group-only PMM,6,C,19,59.34,59.34
Group-only PMM,11,C,19,745.5,745.5
Group-only PMM,2,D,19,1794.45,1794.45
Group-only PMM,7,C,19,547.82,547.82
Group-only PMM,1,C,19,617.83,617.83
Group-only PMM,10,C,19,59.34,59.34
Group-only PMM,23,C,19,452.94,452.94
Group-only PMM,16,C,19,173.83,173.83
Group-only PMM,20,C,19,908.79,908.79
Group-only PMM,18,D,20,686.49,686.49
Group-only PMM,4,C,20,1041.31,1041.31
Group-only PMM,19,D,20,1412.35,1412.35
Group-only PMM,26,D,20,1205.1,1205.1
Group-only PMM,17,C,20,253.24,253.24
Group-only PMM,22,C,20,400.74,400.74
Group-only PMM,5,C,20,708.48,708.48
Group-only PMM,14,C,20,1387.6,1387.6
Group-only PMM,28,C,20,356.3,356.3
Group-only PMM,12,C,20,762.73,762.73
Group-only PMM,15,C,20,1318.05,1318.05
Group-only PMM,29,C,20,518.66,518.66
Group-only PMM,27,D,20,,942.41
Group-only PMM,21,D,20,942.41,942.41
Group-only PMM,25,C,20,1076.91,1076.91
Group-only PMM,13,C,20,693.81,693.81
Group-only PMM,9,C,20,730.21,730.21
Group-only PMM,3,D,20,410.73,410.73
Group-only PMM,24,D,20,1793.84,1793.84
Group-only PMM,8,C,20,,253.24
Group-only PMM,6,C,20,59.34,59.34
Group-only PMM,11,C,20,745.5,745.5
Group-only PMM,2,D,20,1794.45,1794.45
Group-only PMM,7,C,20,547.82,547.82
Group-only PMM,1,C,20,617.83,617.83
Group-only PMM,10,C,20,59.34,59.34
Group-only PMM,23,C,20,452.94,452.94
Group-only PMM,16,C,20,173.83,173.83
Group-only PMM,20,C,20,908.79,908.79
Group-only PMM,18,D,21,686.49,686.49
Group-only PMM,4,C,21,1041.31,1041.31
Group-only PMM,19,D,21,1412.35,1412.35
Group-only PMM,26,D,21,1205.1,1205.1
Group-only PMM,17,C,21,253.24,253.24
Group-only PMM,22,C,21,400.74,400.74
Group-only PMM,5,C,21,708.48,708.48
Group-only PMM,14,C,21,1387.6,1387.6
Group-only PMM,28,C,21,356.3,356.3
Group-only PMM,12,C,21,762.73,762.73
Group-only PMM,15,C,21,1318.05,1318.05
Group-only PMM,29,C,21,518.66,518.66
Group-only PMM,27,D,21,,1205.1
Group-only PMM,21,D,21,942.41,942.41
Group-only PMM,25,C,21,1076.91,1076.91
Group-only PMM,13,C,21,693.81,693.81
Group-only PMM,9,C,21,730.21,730.21
Group-only PMM,3,D,21,410.73,410.73
Group-only PMM,24,D,21,1793.84,1793.84
Group-only PMM,8,C,21,,400.74
Group-only PMM,6,C,21,59.34,59.34
Group-only PMM,11,C,21,745.5,745.5
Group-only PMM,2,D,21,1794.45,1794.45
Group-only PMM,7,C,21,547.82,547.82
Group-only PMM,1,C,21,617.83,617.83
Group-only PMM,10,C,21,59.34,59.34
Group-only PMM,23,C,21,452.94,452.94
Group-only PMM,16,C,21,173.83,173.83
Group-only PMM,20,C,21,908.79,908.79
Group-only PMM,18,D,22,686.49,686.49
Group-only PMM,4,C,22,1041.31,1041.31
Group-only PMM,19,D,22,1412.35,1412.35
Group-only PMM,26,D,22,1205.1,1205.1
Group-only PMM,17,C,22,253.24,253.24
Group-only PMM,22,C,22,400.74,400.74
Group-only PMM,5,C,22,708.48,708.48
Group-only PMM,14,C,22,1387.6,1387.6
Group-only PMM,28,C,22,356.3,356.3
Group-only PMM,12,C,22,762.73,762.73
Group-only PMM,15,C,22,1318.05,1318.05
Group-only PMM,29,C,22,518.66,518.66
Group-only PMM,27,D,22,,1412.35
Group-only PMM,21,D,22,942.41,942.41
Group-only PMM,25,C,22,1076.91,1076.91
Group-only PMM,13,C,22,693.81,693.81
Group-only PMM,9,C,22,730.21,730.21
Group-only PMM,3,D,22,410.73,410.73
Group-only PMM,24,D,22,1793.84,1793.84
Group-only PMM,8,C,22,,400.74
Group-only PMM,6,C,22,59.34,59.34
Group-only PMM,11,C,22,745.5,745.5
Group-only PMM,2,D,22,1794.45,1794.45
Group-only PMM,7,C,22,547.82,547.82
Group-only PMM,1,C,22,617.83,617.83
Group-only PMM,10,C,22,59.34,59.34
Group-only PMM,23,C,22,452.94,452.94
Group-only PMM,16,C,22,173.83,173.83
Group-only PMM,20,C,22,908.79,908.79
Group-only PMM,18,D,23,686.49,686.49
Group-only PMM,4,C,23,1041.31,1041.31
Group-only PMM,19,D,23,1412.35,1412.35
Group-only PMM,26,D,23,1205.1,1205.1
Group-only PMM,17,C,23,253.24,253.24
Group-only PMM,22,C,23,400.74,400.74
Group-only PMM,5,C,23,708.48,708.48
Group-only PMM,14,C,23,1387.6,1387.6
Group-only PMM,28,C,23,356.3,356.3
Group-only PMM,12,C,23,762.73,762.73
Group-only PMM,15,C,23,1318.05,1318.05
Group-only PMM,29,C,23,518.66,518.66
Group-only PMM,27,D,23,,1205.1
Group-only PMM,21,D,23,942.41,942.41
Group-only PMM,25,C,23,1076.91,1076.91
Group-only PMM,13,C,23,693.81,693.81
Group-only PMM,9,C,23,730.21,730.21
Group-only PMM,3,D,23,410.73,410.73
Group-only PMM,24,D,23,1793.84,1793.84
Group-only PMM,8,C,23,,253.24
Group-only PMM,6,C,23,59.34,59.34
Group-only PMM,11,C,23,745.5,745.5
Group-only PMM,2,D,23,1794.45,1794.45
Group-only PMM,7,C,23,547.82,547.82
Group-only PMM,1,C,23,617.83,617.83
Group-only PMM,10,C,23,59.34,59.34
Group-only PMM,23,C,23,452.94,452.94
Group-only PMM,16,C,23,173.83,173.83
Group-only PMM,20,C,23,908.79,908.79
Group-only PMM,18,D,24,686.49,686.49
Group-only PMM,4,C,24,1041.31,1041.31
Group-only PMM,19,D,24,1412.35,1412.35
Group-only PMM,26,D,24,1205.1,1205.1
Group-only PMM,17,C,24,253.24,253.24
Group-only PMM,22,C,24,400.74,400.74
Group-only PMM,5,C,24,708.48,708.48
Group-only PMM,14,C,24,1387.6,1387.6
Group-only PMM,28,C,24,356.3,356.3
Group-only PMM,12,C,24,762.73,762.73
Group-only PMM,15,C,24,1318.05,1318.05
Group-only PMM,29,C,24,518.66,518.66
Group-only PMM,27,D,24,,1205.1
Group-only PMM,21,D,24,942.41,942.41
Group-only PMM,25,C,24,1076.91,1076.91
Group-only PMM,13,C,24,693.81,693.81
Group-only PMM,9,C,24,730.21,730.21
Group-only PMM,3,D,24,410.73,410.73
Group-only PMM,24,D,24,1793.84,1793.84
Group-only PMM,8,C,24,,253.24
Group-only PMM,6,C,24,59.34,59.34
Group-only PMM,11,C,24,745.5,745.5
Group-only PMM,2,D,24,1794.45,1794.45
Group-only PMM,7,C,24,547.82,547.82
Group-only PMM,1,C,24,617.83,617.83
Group-only PMM,10,C,24,59.34,59.34
Group-only PMM,23,C,24,452.94,452.94
Group-only PMM,16,C,24,173.83,173.83
Group-only PMM,20,C,24,908.79,908.79
Group-only PMM,18,D,25,686.49,686.49
Group-only PMM,4,C,25,1041.31,1041.31
Group-only PMM,19,D,25,1412.35,1412.35
Group-only PMM,26,D,25,1205.1,1205.1
Group-only PMM,17,C,25,253.24,253.24
Group-only PMM,22,C,25,400.74,400.74
Group-only PMM,5,C,25,708.48,708.48
Group-only PMM,14,C,25,1387.6,1387.6
Group-only PMM,28,C,25,356.3,356.3
Group-only PMM,12,C,25,762.73,762.73
Group-only PMM,15,C,25,1318.05,1318.05
Group-only PMM,29,C,25,518.66,518.66
Group-only PMM,27,D,25,,686.49
Group-only PMM,21,D,25,942.41,942.41
Group-only PMM,25,C,25,1076.91,1076.91
Group-only PMM,13,C,25,693.81,693.81
Group-only PMM,9,C,25,730.21,730.21
Group-only PMM,3,D,25,410.73,410.73
Group-only PMM,24,D,25,1793.84,1793.84
Group-only PMM,8,C,25,,708.48
Group-only PMM,6,C,25,59.34,59.34
Group-only PMM,11,C,25,745.5,745.5
Group-only PMM,2,D,25,1794.45,1794.45
Group-only PMM,7,C,25,547.82,547.82
Group-only PMM,1,C,25,617.83,617.83
Group-only PMM,10,C,25,59.34,59.34
Group-only PMM,23,C,25,452.94,452.94
Group-only PMM,16,C,25,173.83,173.83
Group-only PMM,20,C,25,908.79,908.79
Group-only PMM,18,D,26,686.49,686.49
Group-only PMM,4,C,26,1041.31,1041.31
Group-only PMM,19,D,26,1412.35,1412.35
Group-only PMM,26,D,26,1205.1,1205.1
Group-only PMM,17,C,26,253.24,253.24
Group-only PMM,22,C,26,400.74,400.74
Group-only PMM,5,C,26,708.48,708.48
Group-only PMM,14,C,26,1387.6,1387.6
Group-only PMM,28,C,26,356.3,356.3
Group-only PMM,12,C,26,762.73,762.73
Group-only PMM,15,C,26,1318.05,1318.05
Group-only PMM,29,C,26,518.66,518.66
Group-only PMM,27,D,26,,410.73
Group-only PMM,21,D,26,942.41,942.41
Group-only PMM,25,C,26,1076.91,1076.91
Group-only PMM,13,C,26,693.81,693.81
Group-only PMM,9,C,26,730.21,730.21
Group-only PMM,3,D,26,410.73,410.73
Group-only PMM,24,D,26,1793.84,1793.84
Group-only PMM,8,C,26,,1387.6
Group-only PMM,6,C,26,59.34,59.34
Group-only PMM,11,C,26,745.5,745.5
Group-only PMM,2,D,26,1794.45,1794.45
Group-only PMM,7,C,26,547.82,547.82
Group-only PMM,1,C,26,617.83,617.83
Group-only PMM,10,C,26,59.34,59.34
Group-only PMM,23,C,26,452.94,452.94
Group-only PMM,16,C,26,173.83,173.83
Group-only PMM,20,C,26,908.79,908.79
Group-only PMM,18,D,27,686.49,686.49
Group-only PMM,4,C,27,1041.31,1041.31
Group-only PMM,19,D,27,1412.35,1412.35
Group-only PMM,26,D,27,1205.1,1205.1
Group-only PMM,17,C,27,253.24,253.24
Group-only PMM,22,C,27,400.74,400.74
Group-only PMM,5,C,27,708.48,708.48
Group-only PMM,14,C,27,1387.6,1387.6
Group-only PMM,28,C,27,356.3,356.3
Group-only PMM,12,C,27,762.73,762.73
Group-only PMM,15,C,27,1318.05,1318.05
Group-only PMM,29,C,27,518.66,518.66
Group-only PMM,27,D,27,,686.49
Group-only PMM,21,D,27,942.41,942.41
Group-only PMM,25,C,27,1076.91,1076.91
Group-only PMM,13,C,27,693.81,693.81
Group-only PMM,9,C,27,730.21,730.21
Group-only PMM,3,D,27,410.73,410.73
Group-only PMM,24,D,27,1793.84,1793.84
Group-only PMM,8,C,27,,400.74
Group-only PMM,6,C,27,59.34,59.34
Group-only PMM,11,C,27,745.5,745.5
Group-only PMM,2,D,27,1794.45,1794.45
Group-only PMM,7,C,27,547.82,547.82
Group-only PMM,1,C,27,617.83,617.83
Group-only PMM,10,C,27,59.34,59.34
Group-only PMM,23,C,27,452.94,452.94
Group-only PMM,16,C,27,173.83,173.83
Group-only PMM,20,C,27,908.79,908.79
Group-only PMM,18,D,28,686.49,686.49
Group-only PMM,4,C,28,1041.31,1041.31
Group-only PMM,19,D,28,1412.35,1412.35
Group-only PMM,26,D,28,1205.1,1205.1
Group-only PMM,17,C,28,253.24,253.24
Group-only PMM,22,C,28,400.74,400.74
Group-only PMM,5,C,28,708.48,708.48
Group-only PMM,14,C,28,1387.6,1387.6
Group-only PMM,28,C,28,356.3,356.3
Group-only PMM,12,C,28,762.73,762.73
Group-only PMM,15,C,28,1318.05,1318.05
Group-only PMM,29,C,28,518.66,518.66
Group-only PMM,27,D,28,,686.49
Group-only PMM,21,D,28,942.41,942.41
Group-only PMM,25,C,28,1076.91,1076.91
Group-only PMM,13,C,28,693.81,693.81
Group-only PMM,9,C,28,730.21,730.21
Group-only PMM,3,D,28,410.73,410.73
Group-only PMM,24,D,28,1793.84,1793.84
Group-only PMM,8,C,28,,253.24
Group-only PMM,6,C,28,59.34,59.34
Group-only PMM,11,C,28,745.5,745.5
Group-only PMM,2,D,28,1794.45,1794.45
Group-only PMM,7,C,28,547.82,547.82
Group-only PMM,1,C,28,617.83,617.83
Group-only PMM,10,C,28,59.34,59.34
Group-only PMM,23,C,28,452.94,452.94
Group-only PMM,16,C,28,173.83,173.83
Group-only PMM,20,C,28,908.79,908.79
Group-only PMM,18,D,29,686.49,686.49
Group-only PMM,4,C,29,1041.31,1041.31
Group-only PMM,19,D,29,1412.35,1412.35
Group-only PMM,26,D,29,1205.1,1205.1
Group-only PMM,17,C,29,253.24,253.24
Group-only PMM,22,C,29,400.74,400.74
Group-only PMM,5,C,29,708.48,708.48
Group-only PMM,14,C,29,1387.6,1387.6
Group-only PMM,28,C,29,356.3,356.3
Group-only PMM,12,C,29,762.73,762.73
Group-only PMM,15,C,29,1318.05,1318.05
Group-only PMM,29,C,29,518.66,518.66
Group-only PMM,27,D,29,,942.41
Group-only PMM,21,D,29,942.41,942.41
Group-only PMM,25,C,29,1076.91,1076.91
Group-only PMM,13,C,29,693.81,693.81
Group-only PMM,9,C,29,730.21,730.21
Group-only PMM,3,D,29,410.73,410.73
Group-only PMM,24,D,29,1793.84,1793.84
Group-only PMM,8,C,29,,708.48
Group-only PMM,6,C,29,59.34,59.34
Group-only PMM,11,C,29,745.5,745.5
Group-only PMM,2,D,29,1794.45,1794.45
Group-only PMM,7,C,29,547.82,547.82
Group-only PMM,1,C,29,617.83,617.83
Group-only PMM,10,C,29,59.34,59.34
Group-only PMM,23,C,29,452.94,452.94
Group-only PMM,16,C,29,173.83,173.83
Group-only PMM,20,C,29,908.79,908.79
Group-only PMM,18,D,30,686.49,686.49
Group-only PMM,4,C,30,1041.31,1041.31
Group-only PMM,19,D,30,1412.35,1412.35
Group-only PMM,26,D,30,1205.1,1205.1
Group-only PMM,17,C,30,253.24,253.24
Group-only PMM,22,C,30,400.74,400.74
Group-only PMM,5,C,30,708.48,708.48
Group-only PMM,14,C,30,1387.6,1387.6
Group-only PMM,28,C,30,356.3,356.3
Group-only PMM,12,C,30,762.73,762.73
Group-only PMM,15,C,30,1318.05,1318.05
Group-only PMM,29,C,30,518.66,518.66
Group-only PMM,27,D,30,,1205.1
Group-only PMM,21,D,30,942.41,942.41
Group-only PMM,25,C,30,1076.91,1076.91
Group-only PMM,13,C,30,693.81,693.81
Group-only PMM,9,C,30,730.21,730.21
Group-only PMM,3,D,30,410.73,410.73
Group-only PMM,24,D,30,1793.84,1793.84
Group-only PMM,8,C,30,,400.74
Group-only PMM,6,C,30,59.34,59.34
Group-only PMM,11,C,30,745.5,745.5
Group-only PMM,2,D,30,1794.45,1794.45
Group-only PMM,7,C,30,547.82,547.82
Group-only PMM,1,C,30,617.83,617.83
Group-only PMM,10,C,30,59.34,59.34
Group-only PMM,23,C,30,452.94,452.94
Group-only PMM,16,C,30,173.83,173.83
Group-only PMM,20,C,30,908.79,908.79
Group-only PMM,18,D,31,686.49,686.49
Group-only PMM,4,C,31,1041.31,1041.31
Group-only PMM,19,D,31,1412.35,1412.35
Group-only PMM,26,D,31,1205.1,1205.1
Group-only PMM,17,C,31,253.24,253.24
Group-only PMM,22,C,31,400.74,400.74
Group-only PMM,5,C,31,708.48,708.48
Group-only PMM,14,C,31,1387.6,1387.6
Group-only PMM,28,C,31,356.3,356.3
Group-only PMM,12,C,31,762.73,762.73
Group-only PMM,15,C,31,1318.05,1318.05
Group-only PMM,29,C,31,518.66,518.66
Group-only PMM,27,D,31,,1205.1
Group-only PMM,21,D,31,942.41,942.41
Group-only PMM,25,C,31,1076.91,1076.91
Group-only PMM,13,C,31,693.81,693.81
Group-only PMM,9,C,31,730.21,730.21
Group-only PMM,3,D,31,410.73,410.73
Group-only PMM,24,D,31,1793.84,1793.84
Group-only PMM,8,C,31,,253.24
Group-only PMM,6,C,31,59.34,59.34
Group-only PMM,11,C,31,745.5,745.5
Group-only PMM,2,D,31,1794.45,1794.45
Group-only PMM,7,C,31,547.82,547.82
Group-only PMM,1,C,31,617.83,617.83
Group-only PMM,10,C,31,59.34,59.34
Group-only PMM,23,C,31,452.94,452.94
Group-only PMM,16,C,31,173.83,173.83
Group-only PMM,20,C,31,908.79,908.79
Group-only PMM,18,D,32,686.49,686.49
Group-only PMM,4,C,32,1041.31,1041.31
Group-only PMM,19,D,32,1412.35,1412.35
Group-only PMM,26,D,32,1205.1,1205.1
Group-only PMM,17,C,32,253.24,253.24
Group-only PMM,22,C,32,400.74,400.74
Group-only PMM,5,C,32,708.48,708.48
Group-only PMM,14,C,32,1387.6,1387.6
Group-only PMM,28,C,32,356.3,356.3
Group-only PMM,12,C,32,762.73,762.73
Group-only PMM,15,C,32,1318.05,1318.05
Group-only PMM,29,C,32,518.66,518.66
Group-only PMM,27,D,32,,686.49
Group-only PMM,21,D,32,942.41,942.41
Group-only PMM,25,C,32,1076.91,1076.91
Group-only PMM,13,C,32,693.81,693.81
Group-only PMM,9,C,32,730.21,730.21
Group-only PMM,3,D,32,410.73,410.73
Group-only PMM,24,D,32,1793.84,1793.84
Group-only PMM,8,C,32,,708.48
Group-only PMM,6,C,32,59.34,59.34
Group-only PMM,11,C,32,745.5,745.5
Group-only PMM,2,D,32,1794.45,1794.45
Group-only PMM,7,C,32,547.82,547.82
Group-only PMM,1,C,32,617.83,617.83
Group-only PMM,10,C,32,59.34,59.34
Group-only PMM,23,C,32,452.94,452.94
Group-only PMM,16,C,32,173.83,173.83
Group-only PMM,20,C,32,908.79,908.79
Group-only PMM,18,D,33,686.49,686.49
Group-only PMM,4,C,33,1041.31,1041.31
Group-only PMM,19,D,33,1412.35,1412.35
Group-only PMM,26,D,33,1205.1,1205.1
Group-only PMM,17,C,33,253.24,253.24
Group-only PMM,22,C,33,400.74,400.74
Group-only PMM,5,C,33,708.48,708.48
Group-only PMM,14,C,33,1387.6,1387.6
Group-only PMM,28,C,33,356.3,356.3
Group-only PMM,12,C,33,762.73,762.73
Group-only PMM,15,C,33,1318.05,1318.05
Group-only PMM,29,C,33,518.66,518.66
Group-only PMM,27,D,33,,1412.35
Group-only PMM,21,D,33,942.41,942.41
Group-only PMM,25,C,33,1076.91,1076.91
Group-only PMM,13,C,33,693.81,693.81
Group-only PMM,9,C,33,730.21,730.21
Group-only PMM,3,D,33,410.73,410.73
Group-only PMM,24,D,33,1793.84,1793.84
Group-only PMM,8,C,33,,253.24
Group-only PMM,6,C,33,59.34,59.34
Group-only PMM,11,C,33,745.5,745.5
Group-only PMM,2,D,33,1794.45,1794.45
Group-only PMM,7,C,33,547.82,547.82
Group-only PMM,1,C,33,617.83,617.83
Group-only PMM,10,C,33,59.34,59.34
Group-only PMM,23,C,33,452.94,452.94
Group-only PMM,16,C,33,173.83,173.83
Group-only PMM,20,C,33,908.79,908.79
Group-only PMM,18,D,34,686.49,686.49
Group-only PMM,4,C,34,1041.31,1041.31
Group-only PMM,19,D,34,1412.35,1412.35
Group-only PMM,26,D,34,1205.1,1205.1
Group-only PMM,17,C,34,253.24,253.24
Group-only PMM,22,C,34,400.74,400.74
Group-only PMM,5,C,34,708.48,708.48
Group-only PMM,14,C,34,1387.6,1387.6
Group-only PMM,28,C,34,356.3,356.3
Group-only PMM,12,C,34,762.73,762.73
Group-only PMM,15,C,34,1318.05,1318.05
Group-only PMM,29,C,34,518.66,518.66
Group-only PMM,27,D,34,,410.73
Group-only PMM,21,D,34,942.41,942.41
Group-only PMM,25,C,34,1076.91,1076.91
Group-only PMM,13,C,34,693.81,693.81
Group-only PMM,9,C,34,730.21,730.21
Group-only PMM,3,D,34,410.73,410.73
Group-only PMM,24,D,34,1793.84,1793.84
Group-only PMM,8,C,34,,253.24
Group-only PMM,6,C,34,59.34,59.34
Group-only PMM,11,C,34,745.5,745.5
Group-only PMM,2,D,34,1794.45,1794.45
Group-only PMM,7,C,34,547.82,547.82
Group-only PMM,1,C,34,617.83,617.83
Group-only PMM,10,C,34,59.34,59.34
Group-only PMM,23,C,34,452.94,452.94
Group-only PMM,16,C,34,173.83,173.83
Group-only PMM,20,C,34,908.79,908.79
Group-only PMM,18,D,35,686.49,686.49
Group-only PMM,4,C,35,1041.31,1041.31
Group-only PMM,19,D,35,1412.35,1412.35
Group-only PMM,26,D,35,1205.1,1205.1
Group-only PMM,17,C,35,253.24,253.24
Group-only PMM,22,C,35,400.74,400.74
Group-only PMM,5,C,35,708.48,708.48
Group-only PMM,14,C,35,1387.6,1387.6
Group-only PMM,28,C,35,356.3,356.3
Group-only PMM,12,C,35,762.73,762.73
Group-only PMM,15,C,35,1318.05,1318.05
Group-only PMM,29,C,35,518.66,518.66
Group-only PMM,27,D,35,,1412.35
Group-only PMM,21,D,35,942.41,942.41
Group-only PMM,25,C,35,1076.91,1076.91
Group-only PMM,13,C,35,693.81,693.81
Group-only PMM,9,C,35,730.21,730.21
Group-only PMM,3,D,35,410.73,410.73
Group-only PMM,24,D,35,1793.84,1793.84
Group-only PMM,8,C,35,,1041.31
Group-only PMM,6,C,35,59.34,59.34
Group-only PMM,11,C,35,745.5,745.5
Group-only PMM,2,D,35,1794.45,1794.45
Group-only PMM,7,C,35,547.82,547.82
Group-only PMM,1,C,35,617.83,617.83
Group-only PMM,10,C,35,59.34,59.34
Group-only PMM,23,C,35,452.94,452.94
Group-only PMM,16,C,35,173.83,173.83
Group-only PMM,20,C,35,908.79,908.79
Group-only PMM,18,D,36,686.49,686.49
Group-only PMM,4,C,36,1041.31,1041.31
Group-only PMM,19,D,36,1412.35,1412.35
Group-only PMM,26,D,36,1205.1,1205.1
Group-only PMM,17,C,36,253.24,253.24
Group-only PMM,22,C,36,400.74,400.74
Group-only PMM,5,C,36,708.48,708.48
Group-only PMM,14,C,36,1387.6,1387.6
Group-only PMM,28,C,36,356.3,356.3
Group-only PMM,12,C,36,762.73,762.73
Group-only PMM,15,C,36,1318.05,1318.05
Group-only PMM,29,C,36,518.66,518.66
Group-only PMM,27,D,36,,410.73
Group-only PMM,21,D,36,942.41,942.41
Group-only PMM,25,C,36,1076.91,1076.91
Group-only PMM,13,C,36,693.81,693.81
Group-only PMM,9,C,36,730.21,730.21
Group-only PMM,3,D,36,410.73,410.73
Group-only PMM,24,D,36,1793.84,1793.84
Group-only PMM,8,C,36,,708.48
Group-only PMM,6,C,36,59.34,59.34
Group-only PMM,11,C,36,745.5,745.5
Group-only PMM,2,D,36,1794.45,1794.45
Group-only PMM,7,C,36,547.82,547.82
Group-only PMM,1,C,36,617.83,617.83
Group-only PMM,10,C,36,59.34,59.34
Group-only PMM,23,C,36,452.94,452.94
Group-only PMM,16,C,36,173.83,173.83
Group-only PMM,20,C,36,908.79,908.79
Group-only PMM,18,D,37,686.49,686.49
Group-only PMM,4,C,37,1041.31,1041.31
Group-only PMM,19,D,37,1412.35,1412.35
Group-only PMM,26,D,37,1205.1,1205.1
Group-only PMM,17,C,37,253.24,253.24
Group-only PMM,22,C,37,400.74,400.74
Group-only PMM,5,C,37,708.48,708.48
Group-only PMM,14,C,37,1387.6,1387.6
Group-only PMM,28,C,37,356.3,356.3
Group-only PMM,12,C,37,762.73,762.73
Group-only PMM,15,C,37,1318.05,1318.05
Group-only PMM,29,C,37,518.66,518.66
Group-only PMM,27,D,37,,942.41
Group-only PMM,21,D,37,942.41,942.41
Group-only PMM,25,C,37,1076.91,1076.91
Group-only PMM,13,C,37,693.81,693.81
Group-only PMM,9,C,37,730.21,730.21
Group-only PMM,3,D,37,410.73,410.73
Group-only PMM,24,D,37,1793.84,1793.84
Group-only PMM,8,C,37,,1041.31
Group-only PMM,6,C,37,59.34,59.34
Group-only PMM,11,C,37,745.5,745.5
Group-only PMM,2,D,37,1794.45,1794.45
Group-only PMM,7,C,37,547.82,547.82
Group-only PMM,1,C,37,617.83,617.83
Group-only PMM,10,C,37,59.34,59.34
Group-only PMM,23,C,37,452.94,452.94
Group-only PMM,16,C,37,173.83,173.83
Group-only PMM,20,C,37,908.79,908.79
Group-only PMM,18,D,38,686.49,686.49
Group-only PMM,4,C,38,1041.31,1041.31
Group-only PMM,19,D,38,1412.35,1412.35
Group-only PMM,26,D,38,1205.1,1205.1
Group-only PMM,17,C,38,253.24,253.24
Group-only PMM,22,C,38,400.74,400.74
Group-only PMM,5,C,38,708.48,708.48
Group-only PMM,14,C,38,1387.6,1387.6
Group-only PMM,28,C,38,356.3,356.3
Group-only PMM,12,C,38,762.73,762.73
Group-only PMM,15,C,38,1318.05,1318.05
Group-only PMM,29,C,38,518.66,518.66
Group-only PMM,27,D,38,,1412.35
Group-only PMM,21,D,38,942.41,942.41
Group-only PMM,25,C,38,1076.91,1076.91
Group-only PMM,13,C,38,693.81,693.81
Group-only PMM,9,C,38,730.21,730.21
Group-only PMM,3,D,38,410.73,410.73
Group-only PMM,24,D,38,1793.84,1793.84
Group-only PMM,8,C,38,,1387.6
Group-only PMM,6,C,38,59.34,59.34
Group-only PMM,11,C,38,745.5,745.5
Group-only PMM,2,D,38,1794.45,1794.45
Group-only PMM,7,C,38,547.82,547.82
Group-only PMM,1,C,38,617.83,617.83
Group-only PMM,10,C,38,59.34,59.34
Group-only PMM,23,C,38,452.94,452.94
Group-only PMM,16,C,38,173.83,173.83
Group-only PMM,20,C,38,908.79,908.79
Group-only PMM,18,D,39,686.49,686.49
Group-only PMM,4,C,39,1041.31,1041.31
Group-only PMM,19,D,39,1412.35,1412.35
Group-only PMM,26,D,39,1205.1,1205.1
Group-only PMM,17,C,39,253.24,253.24
Group-only PMM,22,C,39,400.74,400.74
Group-only PMM,5,C,39,708.48,708.48
Group-only PMM,14,C,39,1387.6,1387.6
Group-only PMM,28,C,39,356.3,356.3
Group-only PMM,12,C,39,762.73,762.73
Group-only PMM,15,C,39,1318.05,1318.05
Group-only PMM,29,C,39,518.66,518.66
Group-only PMM,27,D,39,,410.73
Group-only PMM,21,D,39,942.41,942.41
Group-only PMM,25,C,39,1076.91,1076.91
Group-only PMM,13,C,39,693.81,693.81
Group-only PMM,9,C,39,730.21,730.21
Group-only PMM,3,D,39,410.73,410.73
Group-only PMM,24,D,39,1793.84,1793.84
Group-only PMM,8,C,39,,1387.6
Group-only PMM,6,C,39,59.34,59.34
Group-only PMM,11,C,39,745.5,745.5
Group-only PMM,2,D,39,1794.45,1794.45
Group-only PMM,7,C,39,547.82,547.82
Group-only PMM,1,C,39,617.83,617.83
Group-only PMM,10,C,39,59.34,59.34
Group-only PMM,23,C,39,452.94,452.94
Group-only PMM,16,C,39,173.83,173.83
Group-only PMM,20,C,39,908.79,908.79
Group-only PMM,18,D,40,686.49,686.49
Group-only PMM,4,C,40,1041.31,1041.31
Group-only PMM,19,D,40,1412.35,1412.35
Group-only PMM,26,D,40,1205.1,1205.1
Group-only PMM,17,C,40,253.24,253.24
Group-only PMM,22,C,40,400.74,400.74
Group-only PMM,5,C,40,708.48,708.48
Group-only PMM,14,C,40,1387.6,1387.6
Group-only PMM,28,C,40,356.3,356.3
Group-only PMM,12,C,40,762.73,762.73
Group-only PMM,15,C,40,1318.05,1318.05
Group-only PMM,29,C,40,518.66,518.66
Group-only PMM,27,D,40,,410.73
Group-only PMM,21,D,40,942.41,942.41
Group-only PMM,25,C,40,1076.91,1076.91
Group-only PMM,13,C,40,693.81,693.81
Group-only PMM,9,C,40,730.21,730.21
Group-only PMM,3,D,40,410.73,410.73
Group-only PMM,24,D,40,1793.84,1793.84
Group-only PMM,8,C,40,,1041.31
Group-only PMM,6,C,40,59.34,59.34
Group-only PMM,11,C,40,745.5,745.5
Group-only PMM,2,D,40,1794.45,1794.45
Group-only PMM,7,C,40,547.82,547.82
Group-only PMM,1,C,40,617.83,617.83
Group-only PMM,10,C,40,59.34,59.34
Group-only PMM,23,C,40,452.94,452.94
Group-only PMM,16,C,40,173.83,173.83
Group-only PMM,20,C,40,908.79,908.79
Group-only PMM,18,D,41,686.49,686.49
Group-only PMM,4,C,41,1041.31,1041.31
Group-only PMM,19,D,41,1412.35,1412.35
Group-only PMM,26,D,41,1205.1,1205.1
Group-only PMM,17,C,41,253.24,253.24
Group-only PMM,22,C,41,400.74,400.74
Group-only PMM,5,C,41,708.48,708.48
Group-only PMM,14,C,41,1387.6,1387.6
Group-only PMM,28,C,41,356.3,356.3
Group-only PMM,12,C,41,762.73,762.73
Group-only PMM,15,C,41,1318.05,1318.05
Group-only PMM,29,C,41,518.66,518.66
Group-only PMM,27,D,41,,686.49
Group-only PMM,21,D,41,942.41,942.41
Group-only PMM,25,C,41,1076.91,1076.91
Group-only PMM,13,C,41,693.81,693.81
Group-only PMM,9,C,41,730.21,730.21
Group-only PMM,3,D,41,410.73,410.73
Group-only PMM,24,D,41,1793.84,1793.84
Group-only PMM,8,C,41,,1387.6
Group-only PMM,6,C,41,59.34,59.34
Group-only PMM,11,C,41,745.5,745.5
Group-only PMM,2,D,41,1794.45,1794.45
Group-only PMM,7,C,41,547.82,547.82
Group-only PMM,1,C,41,617.83,617.83
Group-only PMM,10,C,41,59.34,59.34
Group-only PMM,23,C,41,452.94,452.94
Group-only PMM,16,C,41,173.83,173.83
Group-only PMM,20,C,41,908.79,908.79
Group-only PMM,18,D,42,686.49,686.49
Group-only PMM,4,C,42,1041.31,1041.31
Group-only PMM,19,D,42,1412.35,1412.35
Group-only PMM,26,D,42,1205.1,1205.1
Group-only PMM,17,C,42,253.24,253.24
Group-only PMM,22,C,42,400.74,400.74
Group-only PMM,5,C,42,708.48,708.48
Group-only PMM,14,C,42,1387.6,1387.6
Group-only PMM,28,C,42,356.3,356.3
Group-only PMM,12,C,42,762.73,762.73
Group-only PMM,15,C,42,1318.05,1318.05
Group-only PMM,29,C,42,518.66,518.66
Group-only PMM,27,D,42,,686.49
Group-only PMM,21,D,42,942.41,942.41
Group-only PMM,25,C,42,1076.91,1076.91
Group-only PMM,13,C,42,693.81,693.81
Group-only PMM,9,C,42,730.21,730.21
Group-only PMM,3,D,42,410.73,410.73
Group-only PMM,24,D,42,1793.84,1793.84
Group-only PMM,8,C,42,,400.74
Group-only PMM,6,C,42,59.34,59.34
Group-only PMM,11,C,42,745.5,745.5
Group-only PMM,2,D,42,1794.45,1794.45
Group-only PMM,7,C,42,547.82,547.82
Group-only PMM,1,C,42,617.83,617.83
Group-only PMM,10,C,42,59.34,59.34
Group-only PMM,23,C,42,452.94,452.94
Group-only PMM,16,C,42,173.83,173.83
Group-only PMM,20,C,42,908.79,908.79
Group-only PMM,18,D,43,686.49,686.49
Group-only PMM,4,C,43,1041.31,1041.31
Group-only PMM,19,D,43,1412.35,1412.35
Group-only PMM,26,D,43,1205.1,1205.1
Group-only PMM,17,C,43,253.24,253.24
Group-only PMM,22,C,43,400.74,400.74
Group-only PMM,5,C,43,708.48,708.48
Group-only PMM,14,C,43,1387.6,1387.6
Group-only PMM,28,C,43,356.3,356.3
Group-only PMM,12,C,43,762.73,762.73
Group-only PMM,15,C,43,1318.05,1318.05
Group-only PMM,29,C,43,518.66,518.66
Group-only PMM,27,D,43,,686.49
Group-only PMM,21,D,43,942.41,942.41
Group-only PMM,25,C,43,1076.91,1076.91
Group-only PMM,13,C,43,693.81,693.81
Group-only PMM,9,C,43,730.21,730.21
Group-only PMM,3,D,43,410.73,410.73
Group-only PMM,24,D,43,1793.84,1793.84
Group-only PMM,8,C,43,,253.24
Group-only PMM,6,C,43,59.34,59.34
Group-only PMM,11,C,43,745.5,745.5
Group-only PMM,2,D,43,1794.45,1794.45
Group-only PMM,7,C,43,547.82,547.82
Group-only PMM,1,C,43,617.83,617.83
Group-only PMM,10,C,43,59.34,59.34
Group-only PMM,23,C,43,452.94,452.94
Group-only PMM,16,C,43,173.83,173.83
Group-only PMM,20,C,43,908.79,908.79
Group-only PMM,18,D,44,686.49,686.49
Group-only PMM,4,C,44,1041.31,1041.31
Group-only PMM,19,D,44,1412.35,1412.35
Group-only PMM,26,D,44,1205.1,1205.1
Group-only PMM,17,C,44,253.24,253.24
Group-only PMM,22,C,44,400.74,400.74
Group-only PMM,5,C,44,708.48,708.48
Group-only PMM,14,C,44,1387.6,1387.6
Group-only PMM,28,C,44,356.3,356.3
Group-only PMM,12,C,44,762.73,762.73
Group-only PMM,15,C,44,1318.05,1318.05
Group-only PMM,29,C,44,518.66,518.66
Group-only PMM,27,D,44,,410.73
Group-only PMM,21,D,44,942.41,942.41
Group-only PMM,25,C,44,1076.91,1076.91
Group-only PMM,13,C,44,693.81,693.81
Group-only PMM,9,C,44,730.21,730.21
Group-only PMM,3,D,44,410.73,410.73
Group-only PMM,24,D,44,1793.84,1793.84
Group-only PMM,8,C,44,,253.24
Group-only PMM,6,C,44,59.34,59.34
Group-only PMM,11,C,44,745.5,745.5
Group-only PMM,2,D,44,1794.45,1794.45
Group-only PMM,7,C,44,547.82,547.82
Group-only PMM,1,C,44,617.83,617.83
Group-only PMM,10,C,44,59.34,59.34
Group-only PMM,23,C,44,452.94,452.94
Group-only PMM,16,C,44,173.83,173.83
Group-only PMM,20,C,44,908.79,908.79
Group-only PMM,18,D,45,686.49,686.49
Group-only PMM,4,C,45,1041.31,1041.31
Group-only PMM,19,D,45,1412.35,1412.35
Group-only PMM,26,D,45,1205.1,1205.1
Group-only PMM,17,C,45,253.24,253.24
Group-only PMM,22,C,45,400.74,400.74
Group-only PMM,5,C,45,708.48,708.48
Group-only PMM,14,C,45,1387.6,1387.6
Group-only PMM,28,C,45,356.3,356.3
Group-only PMM,12,C,45,762.73,762.73
Group-only PMM,15,C,45,1318.05,1318.05
Group-only PMM,29,C,45,518.66,518.66
Group-only PMM,27,D,45,,942.41
Group-only PMM,21,D,45,942.41,942.41
Group-only PMM,25,C,45,1076.91,1076.91
Group-only PMM,13,C,45,693.81,693.81
Group-only PMM,9,C,45,730.21,730.21
Group-only PMM,3,D,45,410.73,410.73
Group-only PMM,24,D,45,1793.84,1793.84
Group-only PMM,8,C,45,,708.48
Group-only PMM,6,C,45,59.34,59.34
Group-only PMM,11,C,45,745.5,745.5
Group-only PMM,2,D,45,1794.45,1794.45
Group-only PMM,7,C,45,547.82,547.82
Group-only PMM,1,C,45,617.83,617.83
Group-only PMM,10,C,45,59.34,59.34
Group-only PMM,23,C,45,452.94,452.94
Group-only PMM,16,C,45,173.83,173.83
Group-only PMM,20,C,45,908.79,908.79
Group-only PMM,18,D,46,686.49,686.49
Group-only PMM,4,C,46,1041.31,1041.31
Group-only PMM,19,D,46,1412.35,1412.35
Group-only PMM,26,D,46,1205.1,1205.1
Group-only PMM,17,C,46,253.24,253.24
Group-only PMM,22,C,46,400.74,400.74
Group-only PMM,5,C,46,708.48,708.48
Group-only PMM,14,C,46,1387.6,1387.6
Group-only PMM,28,C,46,356.3,356.3
Group-only PMM,12,C,46,762.73,762.73
Group-only PMM,15,C,46,1318.05,1318.05
Group-only PMM,29,C,46,518.66,518.66
Group-only PMM,27,D,46,,1412.35
Group-only PMM,21,D,46,942.41,942.41
Group-only PMM,25,C,46,1076.91,1076.91
Group-only PMM,13,C,46,693.81,693.81
Group-only PMM,9,C,46,730.21,730.21
Group-only PMM,3,D,46,410.73,410.73
Group-only PMM,24,D,46,1793.84,1793.84
Group-only PMM,8,C,46,,1041.31
Group-only PMM,6,C,46,59.34,59.34
Group-only PMM,11,C,46,745.5,745.5
Group-only PMM,2,D,46,1794.45,1794.45
Group-only PMM,7,C,46,547.82,547.82
Group-only PMM,1,C,46,617.83,617.83
Group-only PMM,10,C,46,59.34,59.34
Group-only PMM,23,C,46,452.94,452.94
Group-only PMM,16,C,46,173.83,173.83
Group-only PMM,20,C,46,908.79,908.79
Group-only PMM,18,D,47,686.49,686.49
Group-only PMM,4,C,47,1041.31,1041.31
Group-only PMM,19,D,47,1412.35,1412.35
Group-only PMM,26,D,47,1205.1,1205.1
Group-only PMM,17,C,47,253.24,253.24
Group-only PMM,22,C,47,400.74,400.74
Group-only PMM,5,C,47,708.48,708.48
Group-only PMM,14,C,47,1387.6,1387.6
Group-only PMM,28,C,47,356.3,356.3
Group-only PMM,12,C,47,762.73,762.73
Group-only PMM,15,C,47,1318.05,1318.05
Group-only PMM,29,C,47,518.66,518.66
Group-only PMM,27,D,47,,686.49
Group-only PMM,21,D,47,942.41,942.41
Group-only PMM,25,C,47,1076.91,1076.91
Group-only PMM,13,C,47,693.81,693.81
Group-only PMM,9,C,47,730.21,730.21
Group-only PMM,3,D,47,410.73,410.73
Group-only PMM,24,D,47,1793.84,1793.84
Group-only PMM,8,C,47,,253.24
Group-only PMM,6,C,47,59.34,59.34
Group-only PMM,11,C,47,745.5,745.5
Group-only PMM,2,D,47,1794.45,1794.45
Group-only PMM,7,C,47,547.82,547.82
Group-only PMM,1,C,47,617.83,617.83
Group-only PMM,10,C,47,59.34,59.34
Group-only PMM,23,C,47,452.94,452.94
Group-only PMM,16,C,47,173.83,173.83
Group-only PMM,20,C,47,908.79,908.79
Group-only PMM,18,D,48,686.49,686.49
Group-only PMM,4,C,48,1041.31,1041.31
Group-only PMM,19,D,48,1412.35,1412.35
Group-only PMM,26,D,48,1205.1,1205.1
Group-only PMM,17,C,48,253.24,253.24
Group-only PMM,22,C,48,400.74,400.74
Group-only PMM,5,C,48,708.48,708.48
Group-only PMM,14,C,48,1387.6,1387.6
Group-only PMM,28,C,48,356.3,356.3
Group-only PMM,12,C,48,762.73,762.73
Group-only PMM,15,C,48,1318.05,1318.05
Group-only PMM,29,C,48,518.66,518.66
Group-only PMM,27,D,48,,1412.35
Group-only PMM,21,D,48,942.41,942.41
Group-only PMM,25,C,48,1076.91,1076.91
Group-only PMM,13,C,48,693.81,693.81
Group-only PMM,9,C,48,730.21,730.21
Group-only PMM,3,D,48,410.73,410.73
Group-only PMM,24,D,48,1793.84,1793.84
Group-only PMM,8,C,48,,253.24
Group-only PMM,6,C,48,59.34,59.34
Group-only PMM,11,C,48,745.5,745.5
Group-only PMM,2,D,48,1794.45,1794.45
Group-only PMM,7,C,48,547.82,547.82
Group-only PMM,1,C,48,617.83,617.83
Group-only PMM,10,C,48,59.34,59.34
Group-only PMM,23,C,48,452.94,452.94
Group-only PMM,16,C,48,173.83,173.83
Group-only PMM,20,C,48,908.79,908.79
Group-only PMM,18,D,49,686.49,686.49
Group-only PMM,4,C,49,1041.31,1041.31
Group-only PMM,19,D,49,1412.35,1412.35
Group-only PMM,26,D,49,1205.1,1205.1
Group-only PMM,17,C,49,253.24,253.24
Group-only PMM,22,C,49,400.74,400.74
Group-only PMM,5,C,49,708.48,708.48
Group-only PMM,14,C,49,1387.6,1387.6
Group-only PMM,28,C,49,356.3,356.3
Group-only PMM,12,C,49,762.73,762.73
Group-only PMM,15,C,49,1318.05,1318.05
Group-only PMM,29,C,49,518.66,518.66
Group-only PMM,27,D,49,,1412.35
Group-only PMM,21,D,49,942.41,942.41
Group-only PMM,25,C,49,1076.91,1076.91
Group-only PMM,13,C,49,693.81,693.81
Group-only PMM,9,C,49,730.21,730.21
Group-only PMM,3,D,49,410.73,410.73
Group-only PMM,24,D,49,1793.84,1793.84
Group-only PMM,8,C,49,,253.24
Group-only PMM,6,C,49,59.34,59.34
Group-only PMM,11,C,49,745.5,745.5
Group-only PMM,2,D,49,1794.45,1794.45
Group-only PMM,7,C,49,547.82,547.82
Group-only PMM,1,C,49,617.83,617.83
Group-only PMM,10,C,49,59.34,59.34
Group-only PMM,23,C,49,452.94,452.94
Group-only PMM,16,C,49,173.83,173.83
Group-only PMM,20,C,49,908.79,908.79
Group-only PMM,18,D,50,686.49,686.49
Group-only PMM,4,C,50,1041.31,1041.31
Group-only PMM,19,D,50,1412.35,1412.35
Group-only PMM,26,D,50,1205.1,1205.1
Group-only PMM,17,C,50,253.24,253.24
Group-only PMM,22,C,50,400.74,400.74
Group-only PMM,5,C,50,708.48,708.48
Group-only PMM,14,C,50,1387.6,1387.6
Group-only PMM,28,C,50,356.3,356.3
Group-only PMM,12,C,50,762.73,762.73
Group-only PMM,15,C,50,1318.05,1318.05
Group-only PMM,29,C,50,518.66,518.66
Group-only PMM,27,D,50,,410.73
Group-only PMM,21,D,50,942.41,942.41
Group-only PMM,25,C,50,1076.91,1076.91
Group-only PMM,13,C,50,693.81,693.81
Group-only PMM,9,C,50,730.21,730.21
Group-only PMM,3,D,50,410.73,410.73
Group-only PMM,24,D,50,1793.84,1793.84
Group-only PMM,8,C,50,,708.48
Group-only PMM,6,C,50,59.34,59.34
Group-only PMM,11,C,50,745.5,745.5
Group-only PMM,2,D,50,1794.45,1794.45
Group-only PMM,7,C,50,547.82,547.82
Group-only PMM,1,C,50,617.83,617.83
Group-only PMM,10,C,50,59.34,59.34
Group-only PMM,23,C,50,452.94,452.94
Group-only PMM,16,C,50,173.83,173.83
Group-only PMM,20,C,50,908.79,908.79
